id_cliente,et√†,tot_transazioni_uscita,tot_transazioni_entrata,tot_importo_uscita,tot_importo_entrata,totale_conti,conto_base,conto_business,conto_privati,conto_famiglie,conto_base_uscite,conto_business_uscite,conto_privati_uscite,conto_famiglie_uscite,conto_base_entrate,conto_business_entrate,conto_privati_entrate,conto_famiglie_entrate,conto_base_importo_uscite,conto_business_importo_uscite,conto_privati_importo_uscite,conto_famiglie_importo_uscite,conto_base_importo_entrate,conto_business_importo_entrate,conto_privati_importo_entrate,conto_famiglie_importo_entrate
0,66,0,0,0.00000000000000,0.00000000000000,0,0,0,0,0,0,0,0,0,0,0,0,0,0.00000000000000,0.00000000000000,0.00000000000000,0.00000000000000,0.00000000000000,0.00000000000000,0.00000000000000,0.00000000000000
1,57,54,7,-4743.00000000000000,536.90553709758080,1,0,0,1,0,0,0,54,0,0,0,7,0,0.00000000000000,0.00000000000000,-4742.71131756006000,0.00000000000000,0.00000000000000,0.00000000000000,536.90553709758080,0.00000000000000
2,53,103,16,-7843.00000000000000,1356.59161990869300,2,1,0,1,0,52,0,0,0,7,0,0,0,-3944.21651849102600,0.00000000000000,0.00000000000000,0.00000000000000,877.53689298762830,0.00000000000000,0.00000000000000,0.00000000000000
3,61,109,15,-11312.00000000000000,1484.37261956371690,2,1,1,0,0,57,0,0,0,6,0,0,0,-6120.11950319306900,0.00000000000000,0.00000000000000,0.00000000000000,345.62434816880153,0.00000000000000,0.00000000000000,0.00000000000000
4,38,47,4,-4517.00000000000000,747.37209040988360,1,0,0,0,1,0,0,0,47,0,0,0,4,0.00000000000000,0.00000000000000,0.00000000000000,-4516.85242180374550,0.00000000000000,0.00000000000000,0.00000000000000,747.37209040988360
5,36,95,27,-6585.00000000000000,2255.78893344457400,2,1,0,1,0,50,0,0,0,12,0,0,0,-3495.67132019206900,0.00000000000000,0.00000000000000,0.00000000000000,607.55198076496620,0.00000000000000,0.00000000000000,0.00000000000000
6,59,44,13,-3705.00000000000000,1224.70520972442550,1,0,0,1,0,0,0,44,0,0,0,13,0,0.00000000000000,0.00000000000000,-3705.46171392129550,0.00000000000000,0.00000000000000,0.00000000000000,1224.70520972442550,0.00000000000000
7,38,54,14,-5384.00000000000000,1008.78047424345570,1,0,0,1,0,0,0,54,0,0,0,14,0,0.00000000000000,0.00000000000000,-5384.38856882679500,0.00000000000000,0.00000000000000,0.00000000000000,1008.78047424345570,0.00000000000000
8,27,37,7,-2833.00000000000000,531.45134961130450,1,0,0,1,0,0,0,37,0,0,0,7,0,0.00000000000000,0.00000000000000,-2833.48577335961450,0.00000000000000,0.00000000000000,0.00000000000000,531.45134961130450,0.00000000000000
9,65,57,6,-4084.00000000000000,252.59850397380023,1,0,1,0,0,0,57,0,0,0,6,0,0,0.00000000000000,-4083.90026642296330,0.00000000000000,0.00000000000000,0.00000000000000,252.59850397380023,0.00000000000000,0.00000000000000
10,63,97,19,-7606.00000000000000,2446.56976944338400,2,1,0,0,1,58,0,0,0,10,0,0,0,-4164.82849676040950,0.00000000000000,0.00000000000000,0.00000000000000,688.86273737352280,0.00000000000000,0.00000000000000,0.00000000000000
11,31,376,85,-29875.00000000000000,6491.24082061784600,8,2,1,0,5,86,0,0,0,15,0,0,0,-7160.36080025177300,0.00000000000000,0.00000000000000,0.00000000000000,1522.53044390805780,0.00000000000000,0.00000000000000,0.00000000000000
12,29,0,0,0.00000000000000,0.00000000000000,0,0,0,0,0,0,0,0,0,0,0,0,0,0.00000000000000,0.00000000000000,0.00000000000000,0.00000000000000,0.00000000000000,0.00000000000000,0.00000000000000,0.00000000000000
13,66,0,0,0.00000000000000,0.00000000000000,0,0,0,0,0,0,0,0,0,0,0,0,0,0.00000000000000,0.00000000000000,0.00000000000000,0.00000000000000,0.00000000000000,0.00000000000000,0.00000000000000,0.00000000000000
14,30,0,0,0.00000000000000,0.00000000000000,0,0,0,0,0,0,0,0,0,0,0,0,0,0.00000000000000,0.00000000000000,0.00000000000000,0.00000000000000,0.00000000000000,0.00000000000000,0.00000000000000,0.00000000000000
15,58,159,25,-14138.00000000000000,2083.35753470800800,3,2,0,0,1,112,0,0,0,18,0,0,0,-11111.98829782614500,0.00000000000000,0.00000000000000,0.00000000000000,1596.29197828571610,0.00000000000000,0.00000000000000,0.00000000000000
16,35,183,43,-15026.00000000000000,3126.64360319011580,4,0,0,1,3,0,0,50,0,0,0,12,0,0.00000000000000,0.00000000000000,-4480.08750100638100,0.00000000000000,0.00000000000000,0.00000000000000,950.17406312360320,0.00000000000000
17,59,0,0,0.00000000000000,0.00000000000000,0,0,0,0,0,0,0,0,0,0,0,0,0,0.00000000000000,0.00000000000000,0.00000000000000,0.00000000000000,0.00000000000000,0.00000000000000,0.00000000000000,0.00000000000000
18,56,0,0,0.00000000000000,0.00000000000000,0,0,0,0,0,0,0,0,0,0,0,0,0,0.00000000000000,0.00000000000000,0.00000000000000,0.00000000000000,0.00000000000000,0.00000000000000,0.00000000000000,0.00000000000000
19,46,56,7,-4809.00000000000000,467.33114881841390,1,0,0,0,1,0,0,0,56,0,0,0,7,0.00000000000000,0.00000000000000,0.00000000000000,-4808.98770231947000,0.00000000000000,0.00000000000000,0.00000000000000,467.33114881841390
20,29,0,0,0.00000000000000,0.00000000000000,0,0,0,0,0,0,0,0,0,0,0,0,0,0.00000000000000,0.00000000000000,0.00000000000000,0.00000000000000,0.00000000000000,0.00000000000000,0.00000000000000,0.00000000000000
21,53,134,18,-12999.00000000000000,1268.04143651313320,2,1,0,1,0,70,0,0,0,12,0,0,0,-5694.71617626084100,0.00000000000000,0.00000000000000,0.00000000000000,894.76353447066470,0.00000000000000,0.00000000000000,0.00000000000000
22,29,51,10,-4554.00000000000000,529.96256978239140,1,0,1,0,0,0,51,0,0,0,10,0,0,0.00000000000000,-4553.97791874969900,0.00000000000000,0.00000000000000,0.00000000000000,529.96256978239140,0.00000000000000,0.00000000000000
23,46,47,8,-3528.00000000000000,711.67906167776230,1,0,0,1,0,0,0,47,0,0,0,8,0,0.00000000000000,0.00000000000000,-3528.07057623185600,0.00000000000000,0.00000000000000,0.00000000000000,711.67906167776230,0.00000000000000
24,45,51,10,-3722.00000000000000,618.70208379617180,1,0,0,1,0,0,0,51,0,0,0,10,0,0.00000000000000,0.00000000000000,-3722.11200185570850,0.00000000000000,0.00000000000000,0.00000000000000,618.70208379617180,0.00000000000000
25,26,91,25,-6919.00000000000000,1691.03168670542410,2,1,0,1,0,47,0,0,0,11,0,0,0,-3753.78171302909400,0.00000000000000,0.00000000000000,0.00000000000000,523.60449469579600,0.00000000000000,0.00000000000000,0.00000000000000
26,53,44,10,-4851.00000000000000,479.13991612679180,1,0,0,0,1,0,0,0,44,0,0,0,10,0.00000000000000,0.00000000000000,0.00000000000000,-4851.11669176904800,0.00000000000000,0.00000000000000,0.00000000000000,479.13991612679180
27,56,0,0,0.00000000000000,0.00000000000000,0,0,0,0,0,0,0,0,0,0,0,0,0,0.00000000000000,0.00000000000000,0.00000000000000,0.00000000000000,0.00000000000000,0.00000000000000,0.00000000000000,0.00000000000000
28,47,95,17,-7385.00000000000000,1107.36504549662200,2,1,1,0,0,46,0,0,0,9,0,0,0,-3726.06436719405400,0.00000000000000,0.00000000000000,0.00000000000000,613.09605071393260,0.00000000000000,0.00000000000000,0.00000000000000
29,27,120,24,-11252.00000000000000,2616.09355685740400,2,0,1,0,1,0,68,0,0,0,9,0,0,0.00000000000000,-6354.61850632382300,0.00000000000000,0.00000000000000,0.00000000000000,547.72025987667500,0.00000000000000,0.00000000000000
30,64,54,4,-3319.00000000000000,334.54362854675650,1,1,0,0,0,54,0,0,0,4,0,0,0,-3319.25063664563600,0.00000000000000,0.00000000000000,0.00000000000000,334.54362854675650,0.00000000000000,0.00000000000000,0.00000000000000
31,36,57,9,-4119.00000000000000,846.31361637449310,1,0,0,0,1,0,0,0,57,0,0,0,9,0.00000000000000,0.00000000000000,0.00000000000000,-4118.73342765625600,0.00000000000000,0.00000000000000,0.00000000000000,846.31361637449310
32,49,0,0,0.00000000000000,0.00000000000000,0,0,0,0,0,0,0,0,0,0,0,0,0,0.00000000000000,0.00000000000000,0.00000000000000,0.00000000000000,0.00000000000000,0.00000000000000,0.00000000000000,0.00000000000000
33,45,97,18,-7357.00000000000000,1554.19844609525220,2,0,0,1,1,0,0,40,0,0,0,12,0,0.00000000000000,0.00000000000000,-3308.89116270686100,0.00000000000000,0.00000000000000,0.00000000000000,934.81459101145320,0.00000000000000
34,40,0,0,0.00000000000000,0.00000000000000,0,0,0,0,0,0,0,0,0,0,0,0,0,0.00000000000000,0.00000000000000,0.00000000000000,0.00000000000000,0.00000000000000,0.00000000000000,0.00000000000000,0.00000000000000
35,33,0,0,0.00000000000000,0.00000000000000,0,0,0,0,0,0,0,0,0,0,0,0,0,0.00000000000000,0.00000000000000,0.00000000000000,0.00000000000000,0.00000000000000,0.00000000000000,0.00000000000000,0.00000000000000
36,67,0,0,0.00000000000000,0.00000000000000,0,0,0,0,0,0,0,0,0,0,0,0,0,0.00000000000000,0.00000000000000,0.00000000000000,0.00000000000000,0.00000000000000,0.00000000000000,0.00000000000000,0.00000000000000
37,55,45,7,-3774.00000000000000,248.42816363227377,1,0,0,1,0,0,0,45,0,0,0,7,0,0.00000000000000,0.00000000000000,-3773.80804996403400,0.00000000000000,0.00000000000000,0.00000000000000,248.42816363227377,0.00000000000000
38,43,137,31,-13314.00000000000000,1886.73875357622160,3,2,0,0,1,86,0,0,0,21,0,0,0,-9618.72859366030800,0.00000000000000,0.00000000000000,0.00000000000000,1460.40656900244720,0.00000000000000,0.00000000000000,0.00000000000000
39,46,0,0,0.00000000000000,0.00000000000000,0,0,0,0,0,0,0,0,0,0,0,0,0,0.00000000000000,0.00000000000000,0.00000000000000,0.00000000000000,0.00000000000000,0.00000000000000,0.00000000000000,0.00000000000000
40,41,143,22,-12628.00000000000000,1696.20826383842180,3,0,0,1,2,0,0,41,0,0,0,7,0,0.00000000000000,0.00000000000000,-3859.34424399650650,0.00000000000000,0.00000000000000,0.00000000000000,615.47295748757560,0.00000000000000
41,67,51,13,-4466.00000000000000,743.34045484912330,1,0,0,0,1,0,0,0,51,0,0,0,13,0.00000000000000,0.00000000000000,0.00000000000000,-4465.69703184043300,0.00000000000000,0.00000000000000,0.00000000000000,743.34045484912330
42,30,0,0,0.00000000000000,0.00000000000000,0,0,0,0,0,0,0,0,0,0,0,0,0,0.00000000000000,0.00000000000000,0.00000000000000,0.00000000000000,0.00000000000000,0.00000000000000,0.00000000000000,0.00000000000000
43,56,39,8,-3122.00000000000000,1270.82366312529080,1,0,1,0,0,0,39,0,0,0,8,0,0,0.00000000000000,-3121.50907252389900,0.00000000000000,0.00000000000000,0.00000000000000,1270.82366312529080,0.00000000000000,0.00000000000000
44,60,0,0,0.00000000000000,0.00000000000000,0,0,0,0,0,0,0,0,0,0,0,0,0,0.00000000000000,0.00000000000000,0.00000000000000,0.00000000000000,0.00000000000000,0.00000000000000,0.00000000000000,0.00000000000000
45,52,54,8,-3671.00000000000000,453.77751126474080,1,0,1,0,0,0,54,0,0,0,8,0,0,0.00000000000000,-3670.79221266519400,0.00000000000000,0.00000000000000,0.00000000000000,453.77751126474080,0.00000000000000,0.00000000000000
46,48,0,0,0.00000000000000,0.00000000000000,0,0,0,0,0,0,0,0,0,0,0,0,0,0.00000000000000,0.00000000000000,0.00000000000000,0.00000000000000,0.00000000000000,0.00000000000000,0.00000000000000,0.00000000000000
47,60,0,0,0.00000000000000,0.00000000000000,0,0,0,0,0,0,0,0,0,0,0,0,0,0.00000000000000,0.00000000000000,0.00000000000000,0.00000000000000,0.00000000000000,0.00000000000000,0.00000000000000,0.00000000000000
48,64,49,10,-2940.00000000000000,247.16623196083287,1,0,0,1,0,0,0,49,0,0,0,10,0,0.00000000000000,0.00000000000000,-2939.81138515161700,0.00000000000000,0.00000000000000,0.00000000000000,247.16623196083287,0.00000000000000
49,42,0,0,0.00000000000000,0.00000000000000,0,0,0,0,0,0,0,0,0,0,0,0,0,0.00000000000000,0.00000000000000,0.00000000000000,0.00000000000000,0.00000000000000,0.00000000000000,0.00000000000000,0.00000000000000
50,66,52,12,-3234.00000000000000,666.45501641849080,1,0,0,1,0,0,0,52,0,0,0,12,0,0.00000000000000,0.00000000000000,-3234.12281779992550,0.00000000000000,0.00000000000000,0.00000000000000,666.45501641849080,0.00000000000000
51,36,119,23,-10533.00000000000000,1844.00614688876600,2,0,1,1,0,0,54,0,0,0,15,0,0,0.00000000000000,-4460.48450847328600,0.00000000000000,0.00000000000000,0.00000000000000,1021.21991388664060,0.00000000000000,0.00000000000000
52,56,0,0,0.00000000000000,0.00000000000000,0,0,0,0,0,0,0,0,0,0,0,0,0,0.00000000000000,0.00000000000000,0.00000000000000,0.00000000000000,0.00000000000000,0.00000000000000,0.00000000000000,0.00000000000000
53,56,0,0,0.00000000000000,0.00000000000000,0,0,0,0,0,0,0,0,0,0,0,0,0,0.00000000000000,0.00000000000000,0.00000000000000,0.00000000000000,0.00000000000000,0.00000000000000,0.00000000000000,0.00000000000000
54,67,0,0,0.00000000000000,0.00000000000000,0,0,0,0,0,0,0,0,0,0,0,0,0,0.00000000000000,0.00000000000000,0.00000000000000,0.00000000000000,0.00000000000000,0.00000000000000,0.00000000000000,0.00000000000000
55,44,54,7,-3251.00000000000000,695.06103069431030,1,1,0,0,0,54,0,0,0,7,0,0,0,-3250.82412653662460,0.00000000000000,0.00000000000000,0.00000000000000,695.06103069431030,0.00000000000000,0.00000000000000,0.00000000000000
56,27,0,0,0.00000000000000,0.00000000000000,0,0,0,0,0,0,0,0,0,0,0,0,0,0.00000000000000,0.00000000000000,0.00000000000000,0.00000000000000,0.00000000000000,0.00000000000000,0.00000000000000,0.00000000000000
57,28,0,0,0.00000000000000,0.00000000000000,0,0,0,0,0,0,0,0,0,0,0,0,0,0.00000000000000,0.00000000000000,0.00000000000000,0.00000000000000,0.00000000000000,0.00000000000000,0.00000000000000,0.00000000000000
58,54,49,9,-4681.00000000000000,816.25609047168380,1,0,1,0,0,0,49,0,0,0,9,0,0,0.00000000000000,-4681.24036363128400,0.00000000000000,0.00000000000000,0.00000000000000,816.25609047168380,0.00000000000000,0.00000000000000
59,63,95,24,-7953.00000000000000,3106.65938611382500,2,1,0,0,1,49,0,0,0,13,0,0,0,-4809.59803909695500,0.00000000000000,0.00000000000000,0.00000000000000,885.00633079991600,0.00000000000000,0.00000000000000,0.00000000000000
60,62,108,21,-7868.00000000000000,1896.09481084381510,2,0,1,1,0,0,52,0,0,0,12,0,0,0.00000000000000,-4352.13815895215200,0.00000000000000,0.00000000000000,0.00000000000000,1182.33355102321980,0.00000000000000,0.00000000000000
61,55,0,0,0.00000000000000,0.00000000000000,0,0,0,0,0,0,0,0,0,0,0,0,0,0.00000000000000,0.00000000000000,0.00000000000000,0.00000000000000,0.00000000000000,0.00000000000000,0.00000000000000,0.00000000000000
62,59,0,0,0.00000000000000,0.00000000000000,0,0,0,0,0,0,0,0,0,0,0,0,0,0.00000000000000,0.00000000000000,0.00000000000000,0.00000000000000,0.00000000000000,0.00000000000000,0.00000000000000,0.00000000000000
63,58,0,0,0.00000000000000,0.00000000000000,0,0,0,0,0,0,0,0,0,0,0,0,0,0.00000000000000,0.00000000000000,0.00000000000000,0.00000000000000,0.00000000000000,0.00000000000000,0.00000000000000,0.00000000000000
64,42,106,13,-9311.00000000000000,1009.03052796764880,2,0,1,0,1,0,57,0,0,0,7,0,0,0.00000000000000,-5473.28295658575550,0.00000000000000,0.00000000000000,0.00000000000000,670.12711272785080,0.00000000000000,0.00000000000000
65,34,86,17,-7352.00000000000000,1537.31236553243910,2,1,1,0,0,40,0,0,0,3,0,0,0,-3839.26087754515770,0.00000000000000,0.00000000000000,0.00000000000000,286.07837257185560,0.00000000000000,0.00000000000000,0.00000000000000
66,36,0,0,0.00000000000000,0.00000000000000,0,0,0,0,0,0,0,0,0,0,0,0,0,0.00000000000000,0.00000000000000,0.00000000000000,0.00000000000000,0.00000000000000,0.00000000000000,0.00000000000000,0.00000000000000
67,52,0,0,0.00000000000000,0.00000000000000,0,0,0,0,0,0,0,0,0,0,0,0,0,0.00000000000000,0.00000000000000,0.00000000000000,0.00000000000000,0.00000000000000,0.00000000000000,0.00000000000000,0.00000000000000
68,27,121,20,-11066.00000000000000,1914.87122996632840,2,1,1,0,0,64,0,0,0,10,0,0,0,-5503.56720202029400,0.00000000000000,0.00000000000000,0.00000000000000,1095.18896259795590,0.00000000000000,0.00000000000000,0.00000000000000
69,50,0,0,0.00000000000000,0.00000000000000,0,0,0,0,0,0,0,0,0,0,0,0,0,0.00000000000000,0.00000000000000,0.00000000000000,0.00000000000000,0.00000000000000,0.00000000000000,0.00000000000000,0.00000000000000
70,41,57,9,-4540.00000000000000,613.65823201127170,1,0,0,1,0,0,0,57,0,0,0,9,0,0.00000000000000,0.00000000000000,-4540.06336973770400,0.00000000000000,0.00000000000000,0.00000000000000,613.65823201127170,0.00000000000000
71,63,0,0,0.00000000000000,0.00000000000000,0,0,0,0,0,0,0,0,0,0,0,0,0,0.00000000000000,0.00000000000000,0.00000000000000,0.00000000000000,0.00000000000000,0.00000000000000,0.00000000000000,0.00000000000000
72,45,45,10,-4642.00000000000000,876.79332059667320,1,0,0,1,0,0,0,45,0,0,0,10,0,0.00000000000000,0.00000000000000,-4642.40954778576700,0.00000000000000,0.00000000000000,0.00000000000000,876.79332059667320,0.00000000000000
73,32,54,10,-3461.00000000000000,763.86546193040840,1,1,0,0,0,54,0,0,0,10,0,0,0,-3461.45490994436340,0.00000000000000,0.00000000000000,0.00000000000000,763.86546193040840,0.00000000000000,0.00000000000000,0.00000000000000
74,32,46,9,-3620.00000000000000,853.04838883428040,1,0,0,1,0,0,0,46,0,0,0,9,0,0.00000000000000,0.00000000000000,-3620.26793389740120,0.00000000000000,0.00000000000000,0.00000000000000,853.04838883428040,0.00000000000000
75,32,0,0,0.00000000000000,0.00000000000000,0,0,0,0,0,0,0,0,0,0,0,0,0,0.00000000000000,0.00000000000000,0.00000000000000,0.00000000000000,0.00000000000000,0.00000000000000,0.00000000000000,0.00000000000000
76,54,58,9,-4335.00000000000000,338.16449451636333,1,0,1,0,0,0,58,0,0,0,9,0,0,0.00000000000000,-4335.06214090081300,0.00000000000000,0.00000000000000,0.00000000000000,338.16449451636333,0.00000000000000,0.00000000000000
77,63,53,13,-3832.00000000000000,1202.69706749132820,1,0,0,0,1,0,0,0,53,0,0,0,13,0.00000000000000,0.00000000000000,0.00000000000000,-3831.75447507190760,0.00000000000000,0.00000000000000,0.00000000000000,1202.69706749132820
78,35,156,32,-11098.00000000000000,3213.91154403441940,3,1,1,1,0,47,0,0,0,13,0,0,0,-3114.91977665813800,0.00000000000000,0.00000000000000,0.00000000000000,856.97103593293310,0.00000000000000,0.00000000000000,0.00000000000000
79,39,50,7,-4138.00000000000000,630.29280526236200,1,0,1,0,0,0,50,0,0,0,7,0,0,0.00000000000000,-4138.17015867279950,0.00000000000000,0.00000000000000,0.00000000000000,630.29280526236200,0.00000000000000,0.00000000000000
80,43,103,25,-7649.00000000000000,1811.35640585635600,2,0,1,0,1,0,43,0,0,0,9,0,0,0.00000000000000,-3212.50712783249950,0.00000000000000,0.00000000000000,0.00000000000000,594.16088173615070,0.00000000000000,0.00000000000000
81,34,98,15,-9124.00000000000000,887.32141950987010,2,0,1,1,0,0,53,0,0,0,8,0,0,0.00000000000000,-5310.45705977016400,0.00000000000000,0.00000000000000,0.00000000000000,663.37329578030520,0.00000000000000,0.00000000000000
82,51,102,28,-8354.00000000000000,2001.19259429957010,2,1,1,0,0,48,0,0,0,11,0,0,0,-3781.74349113322840,0.00000000000000,0.00000000000000,0.00000000000000,886.55815301064350,0.00000000000000,0.00000000000000,0.00000000000000
83,63,166,36,-13681.00000000000000,3374.68760732848900,3,0,2,0,1,0,120,0,0,0,25,0,0,0.00000000000000,-11264.81339565181000,0.00000000000000,0.00000000000000,0.00000000000000,2031.37833434505730,0.00000000000000,0.00000000000000
84,63,50,11,-4372.00000000000000,740.46875318045240,1,0,0,1,0,0,0,50,0,0,0,11,0,0.00000000000000,0.00000000000000,-4372.43623334055100,0.00000000000000,0.00000000000000,0.00000000000000,740.46875318045240,0.00000000000000
85,38,49,6,-3746.00000000000000,208.18674170721130,1,1,0,0,0,49,0,0,0,6,0,0,0,-3745.54729988559440,0.00000000000000,0.00000000000000,0.00000000000000,208.18674170721130,0.00000000000000,0.00000000000000,0.00000000000000
86,36,0,0,0.00000000000000,0.00000000000000,0,0,0,0,0,0,0,0,0,0,0,0,0,0.00000000000000,0.00000000000000,0.00000000000000,0.00000000000000,0.00000000000000,0.00000000000000,0.00000000000000,0.00000000000000
87,34,102,18,-9057.00000000000000,1217.77529207735960,2,0,0,1,1,0,0,42,0,0,0,5,0,0.00000000000000,0.00000000000000,-3145.24252398308730,0.00000000000000,0.00000000000000,0.00000000000000,452.24384003883480,0.00000000000000
88,31,149,29,-11979.00000000000000,2297.53311143221000,3,0,0,1,2,0,0,54,0,0,0,12,0,0.00000000000000,0.00000000000000,-3792.58757782751700,0.00000000000000,0.00000000000000,0.00000000000000,676.38473828399230,0.00000000000000
89,29,93,19,-6713.00000000000000,1398.62258564386840,2,1,1,0,0,48,0,0,0,12,0,0,0,-3811.38208153646250,0.00000000000000,0.00000000000000,0.00000000000000,1116.08669567475600,0.00000000000000,0.00000000000000,0.00000000000000
90,53,89,19,-5481.00000000000000,1299.31669483068300,2,1,1,0,0,45,0,0,0,9,0,0,0,-2753.72181774791200,0.00000000000000,0.00000000000000,0.00000000000000,717.27970847725110,0.00000000000000,0.00000000000000,0.00000000000000
91,29,0,0,0.00000000000000,0.00000000000000,0,0,0,0,0,0,0,0,0,0,0,0,0,0.00000000000000,0.00000000000000,0.00000000000000,0.00000000000000,0.00000000000000,0.00000000000000,0.00000000000000,0.00000000000000
92,40,0,0,0.00000000000000,0.00000000000000,0,0,0,0,0,0,0,0,0,0,0,0,0,0.00000000000000,0.00000000000000,0.00000000000000,0.00000000000000,0.00000000000000,0.00000000000000,0.00000000000000,0.00000000000000
93,31,104,18,-6624.00000000000000,2221.87607521364300,2,0,0,1,1,0,0,57,0,0,0,9,0,0.00000000000000,0.00000000000000,-3580.87200212407470,0.00000000000000,0.00000000000000,0.00000000000000,1007.04321757496440,0.00000000000000
94,30,114,21,-8241.00000000000000,1895.06070428319440,2,0,1,0,1,0,60,0,0,0,9,0,0,0.00000000000000,-4577.76239588046700,0.00000000000000,0.00000000000000,0.00000000000000,616.52437082543290,0.00000000000000,0.00000000000000
95,32,50,8,-3048.00000000000000,551.76210306535710,1,1,0,0,0,50,0,0,0,8,0,0,0,-3047.77572437280100,0.00000000000000,0.00000000000000,0.00000000000000,551.76210306535710,0.00000000000000,0.00000000000000,0.00000000000000
96,50,101,14,-6007.00000000000000,1440.55243022959100,2,1,0,1,0,57,0,0,0,7,0,0,0,-3537.24277589733800,0.00000000000000,0.00000000000000,0.00000000000000,1114.78782256745420,0.00000000000000,0.00000000000000,0.00000000000000
97,31,105,23,-7175.00000000000000,2085.54189492489900,2,0,1,1,0,0,63,0,0,0,15,0,0,0.00000000000000,-4815.50442487452400,0.00000000000000,0.00000000000000,0.00000000000000,1208.57461700630230,0.00000000000000,0.00000000000000
98,50,49,6,-3156.00000000000000,448.93274534311710,1,0,1,0,0,0,49,0,0,0,6,0,0,0.00000000000000,-3155.76953715002800,0.00000000000000,0.00000000000000,0.00000000000000,448.93274534311710,0.00000000000000,0.00000000000000
99,45,61,11,-3965.00000000000000,906.63245524996700,1,0,1,0,0,0,61,0,0,0,11,0,0,0.00000000000000,-3964.63683119767100,0.00000000000000,0.00000000000000,0.00000000000000,906.63245524996700,0.00000000000000,0.00000000000000
100,40,205,27,-17250.00000000000000,2443.38576429905830,4,0,1,3,0,0,48,0,0,0,4,0,0,0.00000000000000,-3994.20176042033560,0.00000000000000,0.00000000000000,0.00000000000000,329.46839118054860,0.00000000000000,0.00000000000000
101,33,104,22,-8889.00000000000000,1590.72618209983510,2,1,1,0,0,51,0,0,0,9,0,0,0,-4817.23048092576200,0.00000000000000,0.00000000000000,0.00000000000000,530.37890930515460,0.00000000000000,0.00000000000000,0.00000000000000
102,59,107,20,-7388.00000000000000,1082.68603133518170,2,0,1,1,0,0,58,0,0,0,11,0,0,0.00000000000000,-4076.88384496935700,0.00000000000000,0.00000000000000,0.00000000000000,544.95259385685960,0.00000000000000,0.00000000000000
103,55,171,25,-12734.00000000000000,3514.31912189551170,3,1,0,1,1,60,0,0,0,8,0,0,0,-4734.92730545753500,0.00000000000000,0.00000000000000,0.00000000000000,1796.92508238586880,0.00000000000000,0.00000000000000,0.00000000000000
104,58,0,0,0.00000000000000,0.00000000000000,0,0,0,0,0,0,0,0,0,0,0,0,0,0.00000000000000,0.00000000000000,0.00000000000000,0.00000000000000,0.00000000000000,0.00000000000000,0.00000000000000,0.00000000000000
105,49,52,8,-3831.00000000000000,1092.05618582437640,1,0,1,0,0,0,52,0,0,0,8,0,0,0.00000000000000,-3830.80065173311140,0.00000000000000,0.00000000000000,0.00000000000000,1092.05618582437640,0.00000000000000,0.00000000000000
106,51,170,27,-15859.00000000000000,1912.42536163661630,3,0,3,0,0,0,170,0,0,0,27,0,0,0.00000000000000,-15858.82409222067500,0.00000000000000,0.00000000000000,0.00000000000000,1912.42536163661630,0.00000000000000,0.00000000000000
107,67,0,0,0.00000000000000,0.00000000000000,0,0,0,0,0,0,0,0,0,0,0,0,0,0.00000000000000,0.00000000000000,0.00000000000000,0.00000000000000,0.00000000000000,0.00000000000000,0.00000000000000,0.00000000000000
108,26,0,0,0.00000000000000,0.00000000000000,0,0,0,0,0,0,0,0,0,0,0,0,0,0.00000000000000,0.00000000000000,0.00000000000000,0.00000000000000,0.00000000000000,0.00000000000000,0.00000000000000,0.00000000000000
109,35,49,7,-4936.00000000000000,925.74095693281770,1,1,0,0,0,49,0,0,0,7,0,0,0,-4935.69060801734700,0.00000000000000,0.00000000000000,0.00000000000000,925.74095693281770,0.00000000000000,0.00000000000000,0.00000000000000
110,30,57,4,-5330.00000000000000,536.67453693983520,1,0,0,1,0,0,0,57,0,0,0,4,0,0.00000000000000,0.00000000000000,-5330.44461343927500,0.00000000000000,0.00000000000000,0.00000000000000,536.67453693983520,0.00000000000000
111,29,165,23,-14582.00000000000000,1483.38745657527760,3,0,1,1,1,0,63,0,0,0,10,0,0,0.00000000000000,-6096.41964583258600,0.00000000000000,0.00000000000000,0.00000000000000,475.87118450997600,0.00000000000000,0.00000000000000
112,38,96,17,-9080.00000000000000,1298.95757001188170,2,1,0,0,1,52,0,0,0,8,0,0,0,-4286.50430835000800,0.00000000000000,0.00000000000000,0.00000000000000,536.09592737316340,0.00000000000000,0.00000000000000,0.00000000000000
113,44,40,7,-3186.00000000000000,750.22430401566750,1,1,0,0,0,40,0,0,0,7,0,0,0,-3185.94611049064360,0.00000000000000,0.00000000000000,0.00000000000000,750.22430401566750,0.00000000000000,0.00000000000000,0.00000000000000
114,34,58,10,-4494.00000000000000,692.39708280719840,1,0,0,0,1,0,0,0,58,0,0,0,10,0.00000000000000,0.00000000000000,0.00000000000000,-4493.93113346695200,0.00000000000000,0.00000000000000,0.00000000000000,692.39708280719840
115,55,54,12,-4259.00000000000000,2409.04680516066040,1,1,0,0,0,54,0,0,0,12,0,0,0,-4259.10263089389700,0.00000000000000,0.00000000000000,0.00000000000000,2409.04680516066040,0.00000000000000,0.00000000000000,0.00000000000000
116,36,0,0,0.00000000000000,0.00000000000000,0,0,0,0,0,0,0,0,0,0,0,0,0,0.00000000000000,0.00000000000000,0.00000000000000,0.00000000000000,0.00000000000000,0.00000000000000,0.00000000000000,0.00000000000000
117,27,176,35,-13970.00000000000000,2879.60980860379000,3,1,0,1,1,53,0,0,0,16,0,0,0,-4973.48241470418700,0.00000000000000,0.00000000000000,0.00000000000000,1128.67246330848300,0.00000000000000,0.00000000000000,0.00000000000000
118,42,109,20,-8433.00000000000000,1457.62847916848750,2,0,0,2,0,0,0,109,0,0,0,20,0,0.00000000000000,0.00000000000000,-8433.45504021314300,0.00000000000000,0.00000000000000,0.00000000000000,1457.62847916848750,0.00000000000000
119,54,57,7,-3986.00000000000000,502.07092422340030,1,0,0,1,0,0,0,57,0,0,0,7,0,0.00000000000000,0.00000000000000,-3985.55938955974300,0.00000000000000,0.00000000000000,0.00000000000000,502.07092422340030,0.00000000000000
120,28,0,0,0.00000000000000,0.00000000000000,0,0,0,0,0,0,0,0,0,0,0,0,0,0.00000000000000,0.00000000000000,0.00000000000000,0.00000000000000,0.00000000000000,0.00000000000000,0.00000000000000,0.00000000000000
121,35,49,13,-4151.00000000000000,1309.66684033164100,1,0,0,1,0,0,0,49,0,0,0,13,0,0.00000000000000,0.00000000000000,-4150.65213599584700,0.00000000000000,0.00000000000000,0.00000000000000,1309.66684033164100,0.00000000000000
122,67,158,32,-11492.00000000000000,2225.52889985557160,3,0,0,1,2,0,0,55,0,0,0,12,0,0.00000000000000,0.00000000000000,-4430.95201255679300,0.00000000000000,0.00000000000000,0.00000000000000,580.79505396025480,0.00000000000000
123,62,106,28,-8360.00000000000000,1438.41101396501840,2,2,0,0,0,106,0,0,0,28,0,0,0,-8359.51693011501300,0.00000000000000,0.00000000000000,0.00000000000000,1438.41101396501840,0.00000000000000,0.00000000000000,0.00000000000000
124,30,60,9,-6126.00000000000000,570.64477714851360,1,0,0,0,1,0,0,0,60,0,0,0,9,0.00000000000000,0.00000000000000,0.00000000000000,-6126.35828424200000,0.00000000000000,0.00000000000000,0.00000000000000,570.64477714851360
125,36,0,0,0.00000000000000,0.00000000000000,0,0,0,0,0,0,0,0,0,0,0,0,0,0.00000000000000,0.00000000000000,0.00000000000000,0.00000000000000,0.00000000000000,0.00000000000000,0.00000000000000,0.00000000000000
126,66,59,12,-5904.00000000000000,769.67039498925710,1,1,0,0,0,59,0,0,0,12,0,0,0,-5904.03488058593300,0.00000000000000,0.00000000000000,0.00000000000000,769.67039498925710,0.00000000000000,0.00000000000000,0.00000000000000
127,63,0,0,0.00000000000000,0.00000000000000,0,0,0,0,0,0,0,0,0,0,0,0,0,0.00000000000000,0.00000000000000,0.00000000000000,0.00000000000000,0.00000000000000,0.00000000000000,0.00000000000000,0.00000000000000
128,58,51,9,-4111.00000000000000,604.97655956473860,1,0,1,0,0,0,51,0,0,0,9,0,0,0.00000000000000,-4110.65833213715800,0.00000000000000,0.00000000000000,0.00000000000000,604.97655956473860,0.00000000000000,0.00000000000000
129,52,162,45,-13008.00000000000000,3486.07644590626520,4,0,1,2,1,0,48,0,0,0,14,0,0,0.00000000000000,-3481.06339126715300,0.00000000000000,0.00000000000000,0.00000000000000,850.16183115383260,0.00000000000000,0.00000000000000
130,51,53,13,-3725.00000000000000,1035.49213906255100,1,0,0,1,0,0,0,53,0,0,0,13,0,0.00000000000000,0.00000000000000,-3724.88396777072400,0.00000000000000,0.00000000000000,0.00000000000000,1035.49213906255100,0.00000000000000
131,50,126,13,-9864.00000000000000,895.86820425939940,2,2,0,0,0,126,0,0,0,13,0,0,0,-9863.57010167562100,0.00000000000000,0.00000000000000,0.00000000000000,895.86820425939940,0.00000000000000,0.00000000000000,0.00000000000000
132,46,52,14,-3990.00000000000000,436.74890851464187,1,0,0,1,0,0,0,52,0,0,0,14,0,0.00000000000000,0.00000000000000,-3990.29049415381360,0.00000000000000,0.00000000000000,0.00000000000000,436.74890851464187,0.00000000000000
133,54,150,30,-14474.00000000000000,2887.67032874684100,3,0,0,1,2,0,0,43,0,0,0,11,0,0.00000000000000,0.00000000000000,-3461.44215409463600,0.00000000000000,0.00000000000000,0.00000000000000,1452.16420411593410,0.00000000000000
134,44,55,8,-5158.00000000000000,602.49616347133860,1,0,1,0,0,0,55,0,0,0,8,0,0,0.00000000000000,-5157.52581507196000,0.00000000000000,0.00000000000000,0.00000000000000,602.49616347133860,0.00000000000000,0.00000000000000
135,54,96,16,-7395.00000000000000,1149.42520646066800,2,2,0,0,0,96,0,0,0,16,0,0,0,-7395.22528557646550,0.00000000000000,0.00000000000000,0.00000000000000,1149.42520646066800,0.00000000000000,0.00000000000000,0.00000000000000
136,44,37,11,-2270.00000000000000,1273.33198726473400,1,0,0,1,0,0,0,37,0,0,0,11,0,0.00000000000000,0.00000000000000,-2270.20314545651000,0.00000000000000,0.00000000000000,0.00000000000000,1273.33198726473400,0.00000000000000
137,45,0,0,0.00000000000000,0.00000000000000,0,0,0,0,0,0,0,0,0,0,0,0,0,0.00000000000000,0.00000000000000,0.00000000000000,0.00000000000000,0.00000000000000,0.00000000000000,0.00000000000000,0.00000000000000
138,26,0,0,0.00000000000000,0.00000000000000,0,0,0,0,0,0,0,0,0,0,0,0,0,0.00000000000000,0.00000000000000,0.00000000000000,0.00000000000000,0.00000000000000,0.00000000000000,0.00000000000000,0.00000000000000
139,29,208,34,-17307.00000000000000,3401.64808933259500,4,2,1,1,0,112,0,0,0,18,0,0,0,-11770.21035503702800,0.00000000000000,0.00000000000000,0.00000000000000,1898.21056003623100,0.00000000000000,0.00000000000000,0.00000000000000
140,61,51,15,-5583.00000000000000,1392.08807644569950,1,0,0,0,1,0,0,0,51,0,0,0,15,0.00000000000000,0.00000000000000,0.00000000000000,-5583.15788063566100,0.00000000000000,0.00000000000000,0.00000000000000,1392.08807644569950
141,64,48,10,-3713.00000000000000,464.17369526736616,1,1,0,0,0,48,0,0,0,10,0,0,0,-3713.39285708496250,0.00000000000000,0.00000000000000,0.00000000000000,464.17369526736616,0.00000000000000,0.00000000000000,0.00000000000000
142,26,0,0,0.00000000000000,0.00000000000000,0,0,0,0,0,0,0,0,0,0,0,0,0,0.00000000000000,0.00000000000000,0.00000000000000,0.00000000000000,0.00000000000000,0.00000000000000,0.00000000000000,0.00000000000000
143,28,0,0,0.00000000000000,0.00000000000000,0,0,0,0,0,0,0,0,0,0,0,0,0,0.00000000000000,0.00000000000000,0.00000000000000,0.00000000000000,0.00000000000000,0.00000000000000,0.00000000000000,0.00000000000000
144,38,50,11,-4086.00000000000000,1058.37901820477550,1,1,0,0,0,50,0,0,0,11,0,0,0,-4085.62326886391500,0.00000000000000,0.00000000000000,0.00000000000000,1058.37901820477550,0.00000000000000,0.00000000000000,0.00000000000000
145,59,96,19,-7931.00000000000000,3222.85102429444400,2,0,1,0,1,0,53,0,0,0,10,0,0,0.00000000000000,-3880.02469482860170,0.00000000000000,0.00000000000000,0.00000000000000,1042.04884169556000,0.00000000000000,0.00000000000000
146,38,47,7,-4233.00000000000000,511.35324098603560,1,0,1,0,0,0,47,0,0,0,7,0,0,0.00000000000000,-4233.41066754793200,0.00000000000000,0.00000000000000,0.00000000000000,511.35324098603560,0.00000000000000,0.00000000000000
147,27,107,18,-8568.00000000000000,1868.18231186117830,2,0,1,0,1,0,54,0,0,0,9,0,0,0.00000000000000,-5053.63844465380100,0.00000000000000,0.00000000000000,0.00000000000000,1007.53551688891810,0.00000000000000,0.00000000000000
148,32,83,14,-7135.00000000000000,1135.50143407462310,2,1,0,0,1,49,0,0,0,4,0,0,0,-4820.47571041718700,0.00000000000000,0.00000000000000,0.00000000000000,179.80826364247102,0.00000000000000,0.00000000000000,0.00000000000000
149,64,47,12,-4629.00000000000000,881.23463423809410,1,0,1,0,0,0,47,0,0,0,12,0,0,0.00000000000000,-4629.45134449439100,0.00000000000000,0.00000000000000,0.00000000000000,881.23463423809410,0.00000000000000,0.00000000000000
150,47,97,16,-9494.00000000000000,1139.05723357863300,2,0,1,0,1,0,50,0,0,0,9,0,0,0.00000000000000,-6051.14165538441400,0.00000000000000,0.00000000000000,0.00000000000000,741.55139332464440,0.00000000000000,0.00000000000000
151,28,100,25,-8786.00000000000000,1637.38133605847020,2,1,0,1,0,46,0,0,0,14,0,0,0,-3905.16876501586240,0.00000000000000,0.00000000000000,0.00000000000000,1140.34929231975930,0.00000000000000,0.00000000000000,0.00000000000000
152,55,0,0,0.00000000000000,0.00000000000000,0,0,0,0,0,0,0,0,0,0,0,0,0,0.00000000000000,0.00000000000000,0.00000000000000,0.00000000000000,0.00000000000000,0.00000000000000,0.00000000000000,0.00000000000000
153,34,0,0,0.00000000000000,0.00000000000000,0,0,0,0,0,0,0,0,0,0,0,0,0,0.00000000000000,0.00000000000000,0.00000000000000,0.00000000000000,0.00000000000000,0.00000000000000,0.00000000000000,0.00000000000000
154,27,100,19,-7442.00000000000000,1355.36589882815680,2,1,0,0,1,53,0,0,0,8,0,0,0,-4305.84867052588000,0.00000000000000,0.00000000000000,0.00000000000000,713.57374390414450,0.00000000000000,0.00000000000000,0.00000000000000
155,41,0,0,0.00000000000000,0.00000000000000,0,0,0,0,0,0,0,0,0,0,0,0,0,0.00000000000000,0.00000000000000,0.00000000000000,0.00000000000000,0.00000000000000,0.00000000000000,0.00000000000000,0.00000000000000
156,38,0,0,0.00000000000000,0.00000000000000,0,0,0,0,0,0,0,0,0,0,0,0,0,0.00000000000000,0.00000000000000,0.00000000000000,0.00000000000000,0.00000000000000,0.00000000000000,0.00000000000000,0.00000000000000
157,38,195,38,-13199.00000000000000,3797.32272237220470,4,1,1,0,2,54,0,0,0,13,0,0,0,-2979.61928609504900,0.00000000000000,0.00000000000000,0.00000000000000,1477.39559976482540,0.00000000000000,0.00000000000000,0.00000000000000
158,44,0,0,0.00000000000000,0.00000000000000,0,0,0,0,0,0,0,0,0,0,0,0,0,0.00000000000000,0.00000000000000,0.00000000000000,0.00000000000000,0.00000000000000,0.00000000000000,0.00000000000000,0.00000000000000
159,39,52,9,-3648.00000000000000,834.58565674542000,1,0,0,0,1,0,0,0,52,0,0,0,9,0.00000000000000,0.00000000000000,0.00000000000000,-3647.90473009816740,0.00000000000000,0.00000000000000,0.00000000000000,834.58565674542000
160,54,42,7,-2866.00000000000000,304.26529603554560,1,1,0,0,0,42,0,0,0,7,0,0,0,-2866.03276187380970,0.00000000000000,0.00000000000000,0.00000000000000,304.26529603554560,0.00000000000000,0.00000000000000,0.00000000000000
161,67,45,11,-3022.00000000000000,1134.97191326067970,1,0,0,1,0,0,0,45,0,0,0,11,0,0.00000000000000,0.00000000000000,-3021.99889159477500,0.00000000000000,0.00000000000000,0.00000000000000,1134.97191326067970,0.00000000000000
162,32,51,13,-3596.00000000000000,1241.15266638286680,1,0,0,0,1,0,0,0,51,0,0,0,13,0.00000000000000,0.00000000000000,0.00000000000000,-3595.98468225087900,0.00000000000000,0.00000000000000,0.00000000000000,1241.15266638286680
163,66,101,26,-7607.00000000000000,2637.33299263819070,2,0,2,0,0,0,101,0,0,0,26,0,0,0.00000000000000,-7606.85867834099700,0.00000000000000,0.00000000000000,0.00000000000000,2637.33299263819070,0.00000000000000,0.00000000000000
164,31,60,13,-5194.00000000000000,750.31849368607620,1,1,0,0,0,60,0,0,0,13,0,0,0,-5193.64662502756900,0.00000000000000,0.00000000000000,0.00000000000000,750.31849368607620,0.00000000000000,0.00000000000000,0.00000000000000
165,63,109,25,-7795.00000000000000,1735.10287463988330,2,0,1,0,1,0,52,0,0,0,20,0,0,0.00000000000000,-3700.12802685477570,0.00000000000000,0.00000000000000,0.00000000000000,1194.73862321971980,0.00000000000000,0.00000000000000
166,58,45,12,-3382.00000000000000,842.09019234888440,1,0,1,0,0,0,45,0,0,0,12,0,0,0.00000000000000,-3382.35247862505400,0.00000000000000,0.00000000000000,0.00000000000000,842.09019234888440,0.00000000000000,0.00000000000000
167,42,59,12,-7462.00000000000000,592.72808408922880,1,0,0,0,1,0,0,0,59,0,0,0,12,0.00000000000000,0.00000000000000,0.00000000000000,-7462.17830068738300,0.00000000000000,0.00000000000000,0.00000000000000,592.72808408922880
168,36,47,11,-3934.00000000000000,1008.77020780519020,1,0,0,0,1,0,0,0,47,0,0,0,11,0.00000000000000,0.00000000000000,0.00000000000000,-3933.74580849055060,0.00000000000000,0.00000000000000,0.00000000000000,1008.77020780519020
169,27,40,9,-2489.00000000000000,686.96611685572820,1,0,0,1,0,0,0,40,0,0,0,9,0,0.00000000000000,0.00000000000000,-2489.40703545721450,0.00000000000000,0.00000000000000,0.00000000000000,686.96611685572820,0.00000000000000
170,65,51,10,-4821.00000000000000,649.72174228041070,1,0,1,0,0,0,51,0,0,0,10,0,0,0.00000000000000,-4820.70304900076500,0.00000000000000,0.00000000000000,0.00000000000000,649.72174228041070,0.00000000000000,0.00000000000000
171,45,0,0,0.00000000000000,0.00000000000000,0,0,0,0,0,0,0,0,0,0,0,0,0,0.00000000000000,0.00000000000000,0.00000000000000,0.00000000000000,0.00000000000000,0.00000000000000,0.00000000000000,0.00000000000000
172,45,62,6,-5006.00000000000000,846.45638041538110,1,1,0,0,0,62,0,0,0,6,0,0,0,-5005.72165842013200,0.00000000000000,0.00000000000000,0.00000000000000,846.45638041538110,0.00000000000000,0.00000000000000,0.00000000000000
173,62,54,13,-5026.00000000000000,1007.69539001888050,1,1,0,0,0,54,0,0,0,13,0,0,0,-5026.13125540439800,0.00000000000000,0.00000000000000,0.00000000000000,1007.69539001888050,0.00000000000000,0.00000000000000,0.00000000000000
174,54,35,9,-3208.00000000000000,768.88827707737620,1,0,0,0,1,0,0,0,35,0,0,0,9,0.00000000000000,0.00000000000000,0.00000000000000,-3208.27638424019820,0.00000000000000,0.00000000000000,0.00000000000000,768.88827707737620
175,45,72,14,-6668.00000000000000,1399.22020390628270,1,1,0,0,0,72,0,0,0,14,0,0,0,-6667.91288776868600,0.00000000000000,0.00000000000000,0.00000000000000,1399.22020390628270,0.00000000000000,0.00000000000000,0.00000000000000
176,42,0,0,0.00000000000000,0.00000000000000,0,0,0,0,0,0,0,0,0,0,0,0,0,0.00000000000000,0.00000000000000,0.00000000000000,0.00000000000000,0.00000000000000,0.00000000000000,0.00000000000000,0.00000000000000
177,49,111,18,-12913.00000000000000,1856.31931245133840,2,0,1,0,1,0,56,0,0,0,11,0,0,0.00000000000000,-5958.95166635245600,0.00000000000000,0.00000000000000,0.00000000000000,1510.26785468577260,0.00000000000000,0.00000000000000
178,36,0,0,0.00000000000000,0.00000000000000,0,0,0,0,0,0,0,0,0,0,0,0,0,0.00000000000000,0.00000000000000,0.00000000000000,0.00000000000000,0.00000000000000,0.00000000000000,0.00000000000000,0.00000000000000
179,29,231,30,-16015.00000000000000,2346.38286231695840,4,0,2,0,2,0,122,0,0,0,20,0,0,0.00000000000000,-8997.58699013006100,0.00000000000000,0.00000000000000,0.00000000000000,1599.62268351634980,0.00000000000000,0.00000000000000
180,29,49,9,-4076.00000000000000,1385.75795688033650,1,1,0,0,0,49,0,0,0,9,0,0,0,-4075.90558017030070,0.00000000000000,0.00000000000000,0.00000000000000,1385.75795688033650,0.00000000000000,0.00000000000000,0.00000000000000
181,35,45,16,-3509.00000000000000,1472.97453148259520,1,1,0,0,0,45,0,0,0,16,0,0,0,-3509.24992444601600,0.00000000000000,0.00000000000000,0.00000000000000,1472.97453148259520,0.00000000000000,0.00000000000000,0.00000000000000
182,63,52,6,-4365.00000000000000,357.58688148334414,1,1,0,0,0,52,0,0,0,6,0,0,0,-4365.21138090875100,0.00000000000000,0.00000000000000,0.00000000000000,357.58688148334414,0.00000000000000,0.00000000000000,0.00000000000000
183,43,173,22,-15984.00000000000000,2969.61804680097660,3,0,1,0,2,0,63,0,0,0,5,0,0,0.00000000000000,-6284.83418256463850,0.00000000000000,0.00000000000000,0.00000000000000,409.16568435350524,0.00000000000000,0.00000000000000
184,41,0,0,0.00000000000000,0.00000000000000,0,0,0,0,0,0,0,0,0,0,0,0,0,0.00000000000000,0.00000000000000,0.00000000000000,0.00000000000000,0.00000000000000,0.00000000000000,0.00000000000000,0.00000000000000
185,40,99,14,-8956.00000000000000,1418.59190833570230,2,0,0,1,1,0,0,39,0,0,0,7,0,0.00000000000000,0.00000000000000,-3578.70063868400350,0.00000000000000,0.00000000000000,0.00000000000000,877.27174616558080,0.00000000000000
186,33,0,0,0.00000000000000,0.00000000000000,0,0,0,0,0,0,0,0,0,0,0,0,0,0.00000000000000,0.00000000000000,0.00000000000000,0.00000000000000,0.00000000000000,0.00000000000000,0.00000000000000,0.00000000000000
187,49,64,11,-5448.00000000000000,662.04205991475740,1,0,1,0,0,0,64,0,0,0,11,0,0,0.00000000000000,-5447.74973418570100,0.00000000000000,0.00000000000000,0.00000000000000,662.04205991475740,0.00000000000000,0.00000000000000
188,33,51,21,-3423.00000000000000,1463.53754667144970,1,1,0,0,0,51,0,0,0,21,0,0,0,-3423.45682477403600,0.00000000000000,0.00000000000000,0.00000000000000,1463.53754667144970,0.00000000000000,0.00000000000000,0.00000000000000
189,60,0,0,0.00000000000000,0.00000000000000,0,0,0,0,0,0,0,0,0,0,0,0,0,0.00000000000000,0.00000000000000,0.00000000000000,0.00000000000000,0.00000000000000,0.00000000000000,0.00000000000000,0.00000000000000
190,42,0,0,0.00000000000000,0.00000000000000,0,0,0,0,0,0,0,0,0,0,0,0,0,0.00000000000000,0.00000000000000,0.00000000000000,0.00000000000000,0.00000000000000,0.00000000000000,0.00000000000000,0.00000000000000
191,37,102,27,-8372.00000000000000,2406.68049280483270,2,2,0,0,0,102,0,0,0,27,0,0,0,-8372.32272487131700,0.00000000000000,0.00000000000000,0.00000000000000,2406.68049280483270,0.00000000000000,0.00000000000000,0.00000000000000
192,65,41,9,-3917.00000000000000,1086.68451152500900,1,0,1,0,0,0,41,0,0,0,9,0,0,0.00000000000000,-3916.68420786828800,0.00000000000000,0.00000000000000,0.00000000000000,1086.68451152500900,0.00000000000000,0.00000000000000
193,52,64,10,-5031.00000000000000,1160.52012684649570,1,0,0,0,1,0,0,0,64,0,0,0,10,0.00000000000000,0.00000000000000,0.00000000000000,-5031.47098250508950,0.00000000000000,0.00000000000000,0.00000000000000,1160.52012684649570
194,43,0,0,0.00000000000000,0.00000000000000,0,0,0,0,0,0,0,0,0,0,0,0,0,0.00000000000000,0.00000000000000,0.00000000000000,0.00000000000000,0.00000000000000,0.00000000000000,0.00000000000000,0.00000000000000
195,33,156,38,-13844.00000000000000,3503.83751940197400,3,1,1,0,1,56,0,0,0,11,0,0,0,-5284.59461089893500,0.00000000000000,0.00000000000000,0.00000000000000,1222.27626356286620,0.00000000000000,0.00000000000000,0.00000000000000
196,63,50,9,-4197.00000000000000,476.85132793463160,1,0,1,0,0,0,50,0,0,0,9,0,0,0.00000000000000,-4196.80667966081600,0.00000000000000,0.00000000000000,0.00000000000000,476.85132793463160,0.00000000000000,0.00000000000000
197,39,104,19,-8298.00000000000000,2255.24310089405840,2,1,0,0,1,53,0,0,0,8,0,0,0,-3286.33021474415800,0.00000000000000,0.00000000000000,0.00000000000000,859.38538949422820,0.00000000000000,0.00000000000000,0.00000000000000
198,46,49,7,-6008.00000000000000,365.17180424222715,1,1,0,0,0,49,0,0,0,7,0,0,0,-6008.10465271116100,0.00000000000000,0.00000000000000,0.00000000000000,365.17180424222715,0.00000000000000,0.00000000000000,0.00000000000000
199,35,137,25,-8844.00000000000000,2375.23489444515870,2,0,0,1,1,0,0,75,0,0,0,12,0,0.00000000000000,0.00000000000000,-4556.12288691909000,0.00000000000000,0.00000000000000,0.00000000000000,1339.02506752991670,0.00000000000000
